Run,Run ID,Cross-Validation Scores
adorable-donkey-455,19b14688918943dda5cbb0642d629f67,0.6851819650075308
classy-trout-556,bcffa3e3e592474eb8f66aad7b01b904,0.7973821696232706
skittish-sloth-714,8482e96ed18048b888a5eea6f8119fa1,0.8209909878386845
thundering-crab-706,d9a2bd8ea0d24f27a60dfe5191f2fdcc,0.8202936289681275
unequaled-bee-213,6d409a6c8e2f4d30838fc6b74070f41b,0.8540061174599056
